{"exits":[[{"getEntityId":1},{"_exitDescription":"A heavy oak door with peeling red paint. It looks locked.","_exitFrom":{"getEntityId":1},"_exitLock":{"_lockFailMsg":"The door is locked tight. You need a key!","_lockKeyItems":[{"getEntityId":1}],"_lockState":"Locked","_lockSuccessMsg":"The rusty key turns in the lock with a satisfying click!"},"_exitName":"Front Door","_exitTo":{"getEntityId":2}}],[{"getEntityId":2},{"_exitDescription":"A simple wooden door leading to the kitchen.","_exitFrom":{"getEntityId":2},"_exitLock":null,"_exitName":"Kitchen Door","_exitTo":{"getEntityId":3}}],[{"getEntityId":3},{"_exitDescription":"A stately door with frosted glass panels leading to the library.","_exitFrom":{"getEntityId":2},"_exitLock":null,"_exitName":"Library Door","_exitTo":{"getEntityId":4}}],[{"getEntityId":4},{"_exitDescription":"A screen door leading to the back yard. It squeaks on rusty hinges.","_exitFrom":{"getEntityId":3},"_exitLock":null,"_exitName":"Back Door","_exitTo":{"getEntityId":5}}],[{"getEntityId":5},{"_exitDescription":"An old wooden gate in the fence. It swings freely - your path to freedom!","_exitFrom":{"getEntityId":5},"_exitLock":null,"_exitName":"Fence Gate","_exitTo":{"getEntityId":6}}],[{"getEntityId":6},{"_exitDescription":"The gate swings both ways, leading back to the yard.","_exitFrom":{"getEntityId":6},"_exitLock":null,"_exitName":"Fence Gate Return","_exitTo":{"getEntityId":5}}],[{"getEntityId":7},{"_exitDescription":"The screen door from the yard.","_exitFrom":{"getEntityId":5},"_exitLock":null,"_exitName":"Back Door Return","_exitTo":{"getEntityId":3}}],[{"getEntityId":8},{"_exitDescription":"The kitchen door from the kitchen side.","_exitFrom":{"getEntityId":3},"_exitLock":null,"_exitName":"Kitchen Door Return","_exitTo":{"getEntityId":2}}],[{"getEntityId":9},{"_exitDescription":"The library door from inside the library.","_exitFrom":{"getEntityId":4},"_exitLock":null,"_exitName":"Library Door Return","_exitTo":{"getEntityId":2}}],[{"getEntityId":10},{"_exitDescription":"The front door from inside the house.","_exitFrom":{"getEntityId":2},"_exitLock":null,"_exitName":"Front Door Return","_exitTo":{"getEntityId":1}}]],"objects":[[{"getEntityId":1},{"_gameObjectDescription":"A rusty old key with teeth worn smooth by age.","_gameObjectName":"Rusty Key","_gameObjectObject":{"contents":{"_itemSize'":1,"_itemVerbs":[],"_itemWeight'":1},"tag":"ObjectItem"}}],[{"getEntityId":2},{"_gameObjectDescription":"A crumpled piece of paper with \"1234\" scrawled on it in faded ink.","_gameObjectName":"Paper Note","_gameObjectObject":{"contents":{"_itemSize'":1,"_itemVerbs":[],"_itemWeight'":1},"tag":"ObjectItem"}}],[{"getEntityId":3},{"_gameObjectDescription":"A heavy gold coin that gleams in the light. Worth a fortune!","_gameObjectName":"Gold Coin","_gameObjectObject":{"contents":{"_itemSize'":1,"_itemVerbs":[],"_itemWeight'":3},"tag":"ObjectItem"}}],[{"getEntityId":4},{"_gameObjectDescription":"An ornate wooden chest with a combination lock on the front.","_gameObjectName":"Treasure Chest","_gameObjectObject":{"contents":{"_containerItems":{"Gold Coin":{"getEntityId":3}},"_containerLock":{"_containerLockLock":{"_lockFailMsg":"The chest is locked tight! You need the combination.","_lockKeyItems":[{"getEntityId":2}],"_lockState":"Locked","_lockSuccessMsg":"The combination works! The lock clicks open."},"_containerLockUnlockedDescription":"The chest is open, revealing a gleaming gold coin inside."},"_containerSize":10},"tag":"ObjectContainer"}}]],"playerInventory":{},"playerRoom":{"getEntityId":1},"playerVerbs":[[{"unVerb":"d"},{"unVerb":"drop"}],[{"unVerb":"dig"},{"unVerb":"dig"}],[{"unVerb":"drop"},{"unVerb":"drop"}],[{"unVerb":"e"},{"unVerb":"examine"}],[{"unVerb":"examine"},{"unVerb":"examine"}],[{"unVerb":"h"},{"unVerb":"help"}],[{"unVerb":"help"},{"unVerb":"help"}],[{"unVerb":"i"},{"unVerb":"inventory"}],[{"unVerb":"inventory"},{"unVerb":"inventory"}],[{"unVerb":"l"},{"unVerb":"look"}],[{"unVerb":"look"},{"unVerb":"look"}],[{"unVerb":"o"},{"unVerb":"open"}],[{"unVerb":"open"},{"unVerb":"open"}],[{"unVerb":"p"},{"unVerb":"pickup"}],[{"unVerb":"pickup"},{"unVerb":"pickup"}],[{"unVerb":"put"},{"unVerb":"put"}],[{"unVerb":"t"},{"unVerb":"take"}],[{"unVerb":"take"},{"unVerb":"take"}],[{"unVerb":"u"},{"unVerb":"use"}],[{"unVerb":"use"},{"unVerb":"use"}],[{"unVerb":"w"},{"unVerb":"walk"}],[{"unVerb":"walk"},{"unVerb":"walk"}]],"rooms":[[{"getEntityId":1},{"_roomBackground":null,"_roomDescription":"You stand on a weathered wooden porch. The paint is peeling and the boards creak beneath your feet. A rusty key lies discarded in the corner. The front door looms before you.","_roomDig":{"Left":"You can't do that here.."},"_roomExits":{"Front Door":{"getEntityId":1}},"_roomName":"The Front Porch","_roomObjects":{"Rusty Key":{"getEntityId":1}}}],[{"getEntityId":2},{"_roomBackground":null,"_roomDescription":"You enter a grand hallway with faded wallpaper and a dusty chandelier overhead. Portraits of stern-faced ancestors line the walls. To your left is the kitchen door, and to your right, a door leading to the library.","_roomDig":{"Left":"You can't do that here.."},"_roomExits":{"Front Door Return":{"getEntityId":10},"Kitchen Door":{"getEntityId":2},"Library Door":{"getEntityId":3}},"_roomName":"Main Hallway","_roomObjects":{}}],[{"getEntityId":3},{"_roomBackground":null,"_roomDescription":"A dated kitchen with chipped tiles and old wooden cabinets. The smell of must hangs in the air. A back door leads to the yard. Something about the floorboards looks suspicious...","_roomDig":{"Right":[{"_digDefinitionGameObject":{"getEntityId":2},"_digDefinitionSuccess":"You pry up a loose floorboard and find something hidden underneath!"},{"_digDefinitionGameObject":null,"_digDefinitionSuccess":"You search more but find nothing else."}]},"_roomExits":{"Back Door":{"getEntityId":4},"Kitchen Door Return":{"getEntityId":8}},"_roomName":"Kitchen","_roomObjects":{}}],[{"getEntityId":4},{"_roomBackground":null,"_roomDescription":"Towering bookshelves line the walls, filled with leather-bound volumes thick with dust. A large ornate chest sits in the corner, its combination lock gleaming.","_roomDig":{"Left":"You can't do that here.."},"_roomExits":{"Library Door Return":{"getEntityId":9}},"_roomName":"Library","_roomObjects":{"Treasure Chest":{"getEntityId":4}}}],[{"getEntityId":5},{"_roomBackground":null,"_roomDescription":"You step into an overgrown yard. Weeds push through cracked paving stones, and an old fence surrounds the property. There's a gate in the fence leading to freedom.","_roomDig":{"Left":"You can't do that here.."},"_roomExits":{"Back Door Return":{"getEntityId":7},"Fence Gate":{"getEntityId":5}},"_roomName":"Back Yard","_roomObjects":{}}],[{"getEntityId":6},{"_roomBackground":null,"_roomDescription":"You've made it outside! The fresh air hits your face as you step onto the open street. You're free!","_roomDig":{"Left":"You can't do that here.."},"_roomExits":{"Fence Gate Return":{"getEntityId":6}},"_roomName":"Outside","_roomObjects":{}}]]}